Coca-Cola,43146,BrandFinance,2007
Microsoft,37074,BrandFinance,2007
Citi,35148,BrandFinance,2007
Walmart,34898,BrandFinance,2007
IBM,34074,BrandFinance,2007
HSBC,33495,BrandFinance,2007
GE,31850,BrandFinance,2007
Bank of America,31426,BrandFinance,2007
HP,29445,BrandFinance,2007
Marlboro,26990,BrandFinance,2007
Vodafone,26752,BrandFinance,2007
Gillette,26649,BrandFinance,2007
Intel,25095,BrandFinance,2007
L'Oréal,25050,BrandFinance,2007
Google,24687,BrandFinance,2007
Toyota,24534,BrandFinance,2007
Nokia,24280,BrandFinance,2007
McDonald's,24083,BrandFinance,2007
Pepsi,23948,BrandFinance,2007
Dell,23621,BrandFinance,2007
Disney,23145,BrandFinance,2007
Mercedes-Benz,22551,BrandFinance,2007
Verizon,19910,BrandFinance,2007
American Express,18109,BrandFinance,2007
BMW,17860,BrandFinance,2007
Nike,17818,BrandFinance,2007
Santander,17063,BrandFinance,2007
Cisco,16782,BrandFinance,2007
TimeWarner,16734,BrandFinance,2007
Samsung Group,16537,BrandFinance,2007
Budweiser,16196,BrandFinance,2007
Tesco,16136,BrandFinance,2007
TIM Brazil,16136,BrandFinance,2007
Shell,15621,BrandFinance,2007
The Home Depot,15360,BrandFinance,2007
UBS,15137,BrandFinance,2007
AIG,14851,BrandFinance,2007
AXA,14389,BrandFinance,2007
Wells Fargo,14277,BrandFinance,2007
UPS,14168,BrandFinance,2007
Allianz,13862,BrandFinance,2007
ExxonMobil,13148,BrandFinance,2007
Generali,12895,BrandFinance,2007
Apple,12809,BrandFinance,2007
News Corp,12523,BrandFinance,2007
BP,12376,BrandFinance,2007
BNP Paribas,12278,BrandFinance,2007
Barclays,12182,BrandFinance,2007
Chase,12082,BrandFinance,2007
Gucci,11657,BrandFinance,2007
Credit Suisse,11519,BrandFinance,2007
China Mobile,11018,BrandFinance,2007
Cingular,10851,BrandFinance,2007
Target,10841,BrandFinance,2007
Honda,10793,BrandFinance,2007
Comcast,10777,BrandFinance,2007
Orange,10721,BrandFinance,2007
Sony,10622,BrandFinance,2007
Ford,10559,BrandFinance,2007
Carrefour,10512,BrandFinance,2007
Siemens,10363,BrandFinance,2007
Motorola,10234,BrandFinance,2007
ING (Group),10178,BrandFinance,2007
AT&T,10023,BrandFinance,2007
Chevrolet,9936,BrandFinance,2007
Kraft,9904,BrandFinance,2007
Kellogg's,9847,BrandFinance,2007
Lowe's,9656,BrandFinance,2007
Avon,9627,BrandFinance,2007
 Auchan,9487,BrandFinance,2007
ABN Amro,9434,BrandFinance,2007
Wachovia,9430,BrandFinance,2007
FedEx,9227,BrandFinance,2007
Hitachi Group,9171,BrandFinance,2007
Nescafé,9002,BrandFinance,2007
IKEA,8917,BrandFinance,2007
Merrill Lynch (2011),8835,BrandFinance,2007
Morgan Stanley,8732,BrandFinance,2007
Goldman Sachs,8712,BrandFinance,2007
Walgreens,8701,BrandFinance,2007
Chrysler,8689,BrandFinance,2007
T (Deutsche Telekom),8475,BrandFinance,2007
Oracle,8387,BrandFinance,2007
Stella Artois,8378,BrandFinance,2007
Heineken,8312,BrandFinance,2007
Deutsche Bank,8240,BrandFinance,2007
Canon,8186,BrandFinance,2007
Philips,8169,BrandFinance,2007
Chevron,8085,BrandFinance,2007
NTT Docomo,8061,BrandFinance,2007
Prudential (US),7948,BrandFinance,2007
Prudential (UK),7948,BrandFinance,2007
GAP,7889,BrandFinance,2007
Société Générale,7856,BrandFinance,2007
PwC,7850,BrandFinance,2007
Volkswagen,7827,BrandFinance,2007
Benson and Hedges,7822,BrandFinance,2007
BBVA,7553,BrandFinance,2007
Yahoo,7445,BrandFinance,2007
Tata Group,7386,BrandFinance,2007
Coca-Cola,45441,BrandFinance,2008
Microsoft,44501,BrandFinance,2008
Google,43084,BrandFinance,2008
Walmart,39001,BrandFinance,2008
IBM,37949,BrandFinance,2008
GE,36122,BrandFinance,2008
HSBC,35456,BrandFinance,2008
HP,34109,BrandFinance,2008
Nokia,33116,BrandFinance,2008
Citi,27817,BrandFinance,2008
Vodafone,26594,BrandFinance,2008
Toyota,26056,BrandFinance,2008
L'Oréal,25797,BrandFinance,2008
Intel,25527,BrandFinance,2008
Bank of America,25417,BrandFinance,2008
Pepsi,24813,BrandFinance,2008
Dell,24672,BrandFinance,2008
AT&T,24601,BrandFinance,2008
Verizon,24388,BrandFinance,2008
Marlboro,4869,BrandFinance,2008
McDonald's,21812,BrandFinance,2008
Nike,21807,BrandFinance,2008
Apple,21779,BrandFinance,2008
Santander,20718,BrandFinance,2008
Tesco,20472,BrandFinance,2008
Mercedes-Benz,20160,BrandFinance,2008
Disney,19710,BrandFinance,2008
Orange,18347,BrandFinance,2008
Cisco,18113,BrandFinance,2008
BMW,17215,BrandFinance,2008
Budweiser,17160,BrandFinance,2008
American Express,16183,BrandFinance,2008
Shell,15540,BrandFinance,2008
The Home Depot,15398,BrandFinance,2008
AXA,15236,BrandFinance,2008
AIG,15128,BrandFinance,2008
UPS,14840,BrandFinance,2008
Chase,14798,BrandFinance,2008
BNP Paribas,14637,BrandFinance,2008
Time Warner Cable,14229,BrandFinance,2008
Allianz,14138,BrandFinance,2008
Samsung Group,13971,BrandFinance,2008
China Mobile,13867,BrandFinance,2008
Honda,13649,BrandFinance,2008
Target,13419,BrandFinance,2008
Wells Fargo,13130,BrandFinance,2008
ExxonMobil,12619,BrandFinance,2008
Goldman Sachs,12520,BrandFinance,2008
Carrefour,12404,BrandFinance,2008
Sony,12383,BrandFinance,2008
Ford,12382,BrandFinance,2008
Generali,12374,BrandFinance,2008
Credit Suisse,12140,BrandFinance,2008
Nintendo,12123,BrandFinance,2008
Avon,11884,BrandFinance,2008
Tata Group,11792,BrandFinance,2008
BP,11784,BrandFinance,2008
Siemens,11742,BrandFinance,2008
IKEA,11610,BrandFinance,2008
Barclays,11582,BrandFinance,2008
UBS,11339,BrandFinance,2008
 CVS Health,11298,BrandFinance,2008
Comcast,11254,BrandFinance,2008
Gillette,10476,BrandFinance,2008
Heineken,10494,BrandFinance,2008
Hitachi Group,10338,BrandFinance,2008
ING (Group),10046,BrandFinance,2008
 Auchan,9996,BrandFinance,2008
Walgreens,9981,BrandFinance,2008
Suez,9725,BrandFinance,2008
PwC,9641,BrandFinance,2008
FedEx,9633,BrandFinance,2008
Kellogg's,9631,BrandFinance,2008
Amazon,9608,BrandFinance,2008
Oracle,9513,BrandFinance,2008
TIM,9434,BrandFinance,2008
Canon,9338,BrandFinance,2008
Chevron,9235,BrandFinance,2008
DHL,9123,BrandFinance,2008
JP Morgan,9064,BrandFinance,2008
Lowe's,9043,BrandFinance,2008
FOX,9013,BrandFinance,2008
T (Deutsche Telekom),8959,BrandFinance,2008
Sam's Club,8955,BrandFinance,2008
Philips,8853,BrandFinance,2008
Nissan,8808,BrandFinance,2008
Nestlé,8799,BrandFinance,2008
Stella Artois,8700,BrandFinance,2008
Wachovia Corp,8686,BrandFinance,2008
Deutsche Bank,8585,BrandFinance,2008
ICBC,8427,BrandFinance,2008
BBVA,8411,BrandFinance,2008
Motorola,8387,BrandFinance,2008
Nescafé,8322,BrandFinance,2008
Volkswagen,8210,BrandFinance,2008
Zurich,8079,BrandFinance,2008
Yahoo,8069,BrandFinance,2008
SAP,8021,BrandFinance,2008
Movistar,7949,BrandFinance,2008
Johnson & Johnson,7872,BrandFinance,2008
Walmart,40616,BrandFinance,2009
Coca-Cola,32728,BrandFinance,2009
IBM,31530,BrandFinance,2009
Microsoft,30882,BrandFinance,2009
Google,29261,BrandFinance,2009
GE,26654,BrandFinance,2009
HSBC,25364,BrandFinance,2009
Vodafone,24647,BrandFinance,2009
HP,23838,BrandFinance,2009
Toyota,21995,BrandFinance,2009
China Mobile,21748,BrandFinance,2009
Bank of America,21017,BrandFinance,2009
McDonald's,20003,BrandFinance,2009
Nokia,19889,BrandFinance,2009
AT&T,19850,BrandFinance,2009
Verizon,18854,BrandFinance,2009
Orange,16798,BrandFinance,2009
Disney,16750,BrandFinance,2009
Budweiser,16692,BrandFinance,2009
Tesco,16408,BrandFinance,2009
Pepsi,15034,BrandFinance,2009
Nike,14583,BrandFinance,2009
Wells Fargo,14508,BrandFinance,2009
The Home Depot,14310,BrandFinance,2009
Intel,13976,BrandFinance,2009
BMW,13659,BrandFinance,2009
Apple,13648,BrandFinance,2009
Samsung Group,13541,BrandFinance,2009
ExxonMobil,13360,BrandFinance,2009
ICBC,12411,BrandFinance,2009
Shell,12376,BrandFinance,2009
Target,12253,BrandFinance,2009
UPS,11873,BrandFinance,2009
TimeWarner,11817,BrandFinance,2009
China Construction Bank,11752,BrandFinance,2009
Bank of China,11638,BrandFinance,2009
Sony,11597,BrandFinance,2009
Honda,11461,BrandFinance,2009
Comcast,11383,BrandFinance,2009
L'Oréal,11234,BrandFinance,2009
BP,11229,BrandFinance,2009
Oracle,11106,BrandFinance,2009
GDF Suez,11016,BrandFinance,2009
Santander,10840,BrandFinance,2009
Cisco,10794,BrandFinance,2009
Heineken,10348,BrandFinance,2009
Volkswagen,10242,BrandFinance,2009
AXA,10213,BrandFinance,2009
Hitachi Group,10139,BrandFinance,2009
Sam's Club,10126,BrandFinance,2009
Chevron,9980,BrandFinance,2009
American Express,9944,BrandFinance,2009
Tata Group,9921,BrandFinance,2009
Mercedes-Benz,9844,BrandFinance,2009
Ford,9822,BrandFinance,2009
Citi,9810,BrandFinance,2009
Nintendo,9674,BrandFinance,2009
PwC,9458,BrandFinance,2009
BNP Paribas,9360,BrandFinance,2009
Walgreens,9219,BrandFinance,2009
Carrefour,9120,BrandFinance,2009
Nestlé,9038,BrandFinance,2009
Nescafé,8888,BrandFinance,2009
Chase,8746,BrandFinance,2009
Allianz,8224,BrandFinance,2009
Siemens,8209,BrandFinance,2009
Dell,8200,BrandFinance,2009
Lowe's,8173,BrandFinance,2009
JP Morgan,8072,BrandFinance,2009
 CVS Health,8040,BrandFinance,2009
Kellogg's,7857,BrandFinance,2009
T (Deutsche Telekom),7761,BrandFinance,2009
Nissan,7742,BrandFinance,2009
Novartis,7707,BrandFinance,2009
Bradesco,7698,BrandFinance,2009
Credit Suisse,7668,BrandFinance,2009
Barclays,7583,BrandFinance,2009
UBS,7568,BrandFinance,2009
Amazon,7466,BrandFinance,2009
Generali,7273,BrandFinance,2009
Benson and Hedges,7175,BrandFinance,2009
Movistar,7126,BrandFinance,2009
Deloitte,7076,BrandFinance,2009
Bayer,7014,BrandFinance,2009
TIM Brazil,7005,BrandFinance,2009
Avon,6962,BrandFinance,2009
China Telecom,6872,BrandFinance,2009
Toshiba,6804,BrandFinance,2009
Goldman Sachs,6753,BrandFinance,2009
7-Eleven,6743,BrandFinance,2009
Deutsche Bank,6702,BrandFinance,2009
BT,6649,BrandFinance,2009
Reliance Industries,6604,BrandFinance,2009
Gillette,6554,BrandFinance,2009
E.ON,6475,BrandFinance,2009
KPMG,6407,BrandFinance,2009
Sainsbury's,6369,BrandFinance,2009
FedEx,6344,BrandFinance,2009
Audi,6323,BrandFinance,2009
Chevrolet,6172,BrandFinance,2009
Walmart,41365,BrandFinance,2010
Google,36191,BrandFinance,2010
Coca-Cola,34844,BrandFinance,2010
IBM,33706,BrandFinance,2010
Microsoft,33604,BrandFinance,2010
GE,31909,BrandFinance,2010
Vodafone,28995,BrandFinance,2010
HSBC,28472,BrandFinance,2010
HP,27383,BrandFinance,2010
Toyota,27319,BrandFinance,2010
AT&T,26585,BrandFinance,2010
Bank of America,26047,BrandFinance,2010
Santander,25576,BrandFinance,2010
Verizon,23029,BrandFinance,2010
China Mobile,22620,BrandFinance,2010
Wells Fargo,21916,BrandFinance,2010
Budweiser,21279,BrandFinance,2010
Tesco,20654,BrandFinance,2010
McDonald's,20192,BrandFinance,2010
Apple,19829,BrandFinance,2010
Nokia,19558,BrandFinance,2010
The Home Depot,19013,BrandFinance,2010
Samsung Group,18925,BrandFinance,2010
Orange,18352,BrandFinance,2010
Mitsubishi (Conglomerate),17805,BrandFinance,2010
Shell,16997,BrandFinance,2010
ICBC,16948,BrandFinance,2010
Intel,16642,BrandFinance,2010
BMW,16616,BrandFinance,2010
AXA,16403,BrandFinance,2010
Pepsi,15991,BrandFinance,2010
Nike,15808,BrandFinance,2010
China Construction Bank,15501,BrandFinance,2010
Target,15224,BrandFinance,2010
Siemens,14709,BrandFinance,2010
Citi,14362,BrandFinance,2010
BNP Paribas,14060,BrandFinance,2010
Goldman Sachs,13887,BrandFinance,2010
Mercedes-Benz,13883,BrandFinance,2010
Disney,13436,BrandFinance,2010
Chase,13400,BrandFinance,2010
Christian Dior,13343,BrandFinance,2010
Amazon,13340,BrandFinance,2010
Bradesco,13299,BrandFinance,2010
UPS,13170,BrandFinance,2010
Barclays,13134,BrandFinance,2010
Honda,13083,BrandFinance,2010
GDF Suez,12878,BrandFinance,2010
Allianz,12836,BrandFinance,2010
Oracle,12775,BrandFinance,2010
American Express,12737,BrandFinance,2010
Bank of China,12718,BrandFinance,2010
Ford,12652,BrandFinance,2010
Sony,12648,BrandFinance,2010
BP,12114,BrandFinance,2010
Comcast,11979,BrandFinance,2010
JP Morgan,11732,BrandFinance,2010
Sberbank,11729,BrandFinance,2010
Cisco,11480,BrandFinance,2010
Volkswagen,11468,BrandFinance,2010
Chevron,11464,BrandFinance,2010
Agricultural Bank of China,11440,BrandFinance,2010
Heineken,11435,BrandFinance,2010
NTT Group,19434,BrandFinance,2010
Tata Group,11216,BrandFinance,2010
Nestlé,11178,BrandFinance,2010
China Life Insurance,11073,BrandFinance,2010
BBVA,10728,BrandFinance,2010
Nissan,10412,BrandFinance,2010
T (Deutsche Telekom),10126,BrandFinance,2010
Walgreens,9983,BrandFinance,2010
Avon,9917,BrandFinance,2010
PwC,9908,BrandFinance,2010
Deutsche Bank,9862,BrandFinance,2010
Lowe's,9784,BrandFinance,2010
Dell,9750,BrandFinance,2010
ExxonMobil,9683,BrandFinance,2010
Movistar,9666,BrandFinance,2010
Carrefour,9436,BrandFinance,2010
Sam's Club,9398,BrandFinance,2010
ASDA,9122,BrandFinance,2010
Hitachi Group,9095,BrandFinance,2010
Toshiba,8949,BrandFinance,2010
Generali,8868,BrandFinance,2010
TIM,8866,BrandFinance,2010
Johnson & Johnson,8715,BrandFinance,2010
BT,8685,BrandFinance,2010
Société Générale,8635,BrandFinance,2010
FedEx,8588,BrandFinance,2010
KPMG,8507,BrandFinance,2010
TimeWarner,8469,BrandFinance,2010
Credit Suisse,8430,BrandFinance,2010
Philips,8321,BrandFinance,2010
H&M,8298,BrandFinance,2010
UBS,8261,BrandFinance,2010
Telefonica,8154,BrandFinance,2010
Porsche,7994,BrandFinance,2010
Kellogg's,7982,BrandFinance,2010
EDF,7922,BrandFinance,2010
Morgan Stanley,7907,BrandFinance,2010
Google,44294,BrandFinance,2011
Microsoft,42805,BrandFinance,2011
Walmart,36220,BrandFinance,2011
IBM,36157,BrandFinance,2011
Vodafone,30674,BrandFinance,2011
Bank of America,30619,BrandFinance,2011
GE,30504,BrandFinance,2011
Apple,29543,BrandFinance,2011
Wells Fargo,28944,BrandFinance,2011
AT&T,28884,BrandFinance,2011
HSBC,27632,BrandFinance,2011
Verizon,27293,BrandFinance,2011
NTT Group,20139,BrandFinance,2011
HP,26756,BrandFinance,2011
Toyota,26152,BrandFinance,2011
Santander,26150,BrandFinance,2011
Coca-Cola,25807,BrandFinance,2011
McDonald's,21842,BrandFinance,2011
Samsung Group,21512,BrandFinance,2011
Tesco,21129,BrandFinance,2011
Mercedes-Benz,20798,BrandFinance,2011
Mitsubishi (Conglomerate),20473,BrandFinance,2011
The Home Depot,20423,BrandFinance,2011
BMW,20157,BrandFinance,2011
Pepsi,14363,BrandFinance,2011
China Mobile,19317,BrandFinance,2011
Chase,19150,BrandFinance,2011
Intel,19078,BrandFinance,2011
Bradesco,18678,BrandFinance,2011
Orange,18622,BrandFinance,2011
Shell,18605,BrandFinance,2011
Nike,18437,BrandFinance,2011
Amazon,17780,BrandFinance,2011
Nestlé,17455,BrandFinance,2011
Barclays,17358,BrandFinance,2011
ICBC,17194,BrandFinance,2011
Citi,17133,BrandFinance,2011
China Construction Bank,17092,BrandFinance,2011
UPS,17012,BrandFinance,2011
Siemens,16769,BrandFinance,2011
Ford,16662,BrandFinance,2011
Itaú,16655,BrandFinance,2011
BNP Paribas,16643,BrandFinance,2011
Honda,16356,BrandFinance,2011
Chevron,16265,BrandFinance,2011
Target,15989,BrandFinance,2011
American Express,15530,BrandFinance,2011
Disney,15424,BrandFinance,2011
Deutsche Bank,15169,BrandFinance,2011
AXA,15099,BrandFinance,2011
Tata Group,15087,BrandFinance,2011
Movistar,14935,BrandFinance,2011
IKEA,14676,BrandFinance,2011
Oracle,14602,BrandFinance,2011
Hitachi Group,14503,BrandFinance,2011
Marlboro,14219,BrandFinance,2011
ExxonMobil,13756,BrandFinance,2011
Nissan,13705,BrandFinance,2011
Credit Suisse,13497,BrandFinance,2011
Goldman Sachs,13406,BrandFinance,2011
Bank of China,13257,BrandFinance,2011
JP Morgan,13241,BrandFinance,2011
Sony,13194,BrandFinance,2011
GDF Suez,12902,BrandFinance,2011
Volkswagen,12704,BrandFinance,2011
Panasonic,12525,BrandFinance,2011
Sberbank,12012,BrandFinance,2011
Sam's Club,11952,BrandFinance,2011
Carrefour,11894,BrandFinance,2011
Comcast,11876,BrandFinance,2011
Total,11828,BrandFinance,2011
Walgreens,11707,BrandFinance,2011
Cisco,11667,BrandFinance,2011
T (Deutsche Telekom),11553,BrandFinance,2011
PwC,11445,BrandFinance,2011
Toshiba,11136,BrandFinance,2011
Olay,11066,BrandFinance,2011
Dell,10983,BrandFinance,2011
Allianz,10898,BrandFinance,2011
BBVA,10720,BrandFinance,2011
ASDA,10689,BrandFinance,2011
FedEx,10686,BrandFinance,2011
UnitedHealthcare,10606,BrandFinance,2011
3M,10532,BrandFinance,2011
E.ON,10513,BrandFinance,2011
Avon,10171,BrandFinance,2011
KPMG,10160,BrandFinance,2011
UBS,9915,BrandFinance,2011
H&M,9875,BrandFinance,2011
NTT Docomo,9801,BrandFinance,2011
DHL,9778,BrandFinance,2011
Lowe's,9751,BrandFinance,2011
EDF,9697,BrandFinance,2011
Nokia,9658,BrandFinance,2011
Banco do Brasil,9526,BrandFinance,2011
Generali,9487,BrandFinance,2011
Canon,9372,BrandFinance,2011
 CVS Health,9286,BrandFinance,2011
Agricultural Bank of China,9283,BrandFinance,2011
Boeing,9213,BrandFinance,2011
Apple,70605,BrandFinance,2012
Google,47463,BrandFinance,2012
Microsoft,45812,BrandFinance,2012
IBM,39135,BrandFinance,2012
Walmart,38320,BrandFinance,2012
Samsung Group,38197,BrandFinance,2012
GE,33214,BrandFinance,2012
Coca-Cola,31082,BrandFinance,2012
Vodafone,30044,BrandFinance,2012
Amazon,28665,BrandFinance,2012
AT&T,28379,BrandFinance,2012
Verizon,27616,BrandFinance,2012
HSBC,27597,BrandFinance,2012
NTT Group,22358,BrandFinance,2012
Toyota,24461,BrandFinance,2012
Wells Fargo,23229,BrandFinance,2012
Bank of America,19537,BrandFinance,2012
McDonald's,22230,BrandFinance,2012
Shell,22022,BrandFinance,2012
Intel,21908,BrandFinance,2012
HP,21707,BrandFinance,2012
BMW,21262,BrandFinance,2012
The Home Depot,20902,BrandFinance,2012
Tesco,20051,BrandFinance,2012
Santander,19969,BrandFinance,2012
Mercedes-Benz,19762,BrandFinance,2012
Mitsubishi (Conglomerate),19488,BrandFinance,2012
Chase,18964,BrandFinance,2012
Citi,18639,BrandFinance,2012
Nike,18619,BrandFinance,2012
Orange,18557,BrandFinance,2012
American Express,18231,BrandFinance,2012
UPS,18082,BrandFinance,2012
China Mobile,17919,BrandFinance,2012
Volkswagen,17758,BrandFinance,2012
Ford,17559,BrandFinance,2012
Chevron,17510,BrandFinance,2012
Pepsi,17096,BrandFinance,2012
Oracle,17031,BrandFinance,2012
BNP Paribas,16809,BrandFinance,2012
Nestlé,16661,BrandFinance,2012
GDF Suez,16598,BrandFinance,2012
ExxonMobil,16419,BrandFinance,2012
Hitachi Group,16391,BrandFinance,2012
Tata Group,16343,BrandFinance,2012
Siemens,16320,BrandFinance,2012
Bradesco,15692,BrandFinance,2012
China Construction Bank,15464,BrandFinance,2012
Mitsui Group,15405,BrandFinance,2012
Disney,15392,BrandFinance,2012
Target,15267,BrandFinance,2012
IKEA,15211,BrandFinance,2012
Marlboro,15171,BrandFinance,2012
ICBC,15164,BrandFinance,2012
Honda,14963,BrandFinance,2012
Movistar,14412,BrandFinance,2012
PwC,14296,BrandFinance,2012
Toshiba,14185,BrandFinance,2012
Nissan,14167,BrandFinance,2012
Barclays,13552,BrandFinance,2012
AXA,13406,BrandFinance,2012
Itaú,13171,BrandFinance,2012
Hyundai Group,16501,BrandFinance,2012
Total,12968,BrandFinance,2012
Deutsche Bank,12906,BrandFinance,2012
Cisco,12865,BrandFinance,2012
Bank of China,12857,BrandFinance,2012
Comcast,12472,BrandFinance,2012
Sony,12358,BrandFinance,2012
T (Deutsche Telekom),12046,BrandFinance,2012
Olay,11756,BrandFinance,2012
Dell,11605,BrandFinance,2012
JP Morgan,11602,BrandFinance,2012
Walgreens,11564,BrandFinance,2012
Sam's Club,11517,BrandFinance,2012
Generali,11168,BrandFinance,2012
Allianz,10951,BrandFinance,2012
Sberbank,10772,BrandFinance,2012
3M,10716,BrandFinance,2012
KPMG,10556,BrandFinance,2012
PetroChina,10491,BrandFinance,2012
BP,10222,BrandFinance,2012
FedEx,10072,BrandFinance,2012
Agricultural Bank of China,9929,BrandFinance,2012
UnitedHealthcare,9920,BrandFinance,2012
BT,9820,BrandFinance,2012
LG,9809,BrandFinance,2012
E.ON,9695,BrandFinance,2012
Deloitte,9660,BrandFinance,2012
 CVS Health,9421,BrandFinance,2012
ASDA,9406,BrandFinance,2012
Goldman Sachs,9332,BrandFinance,2012
Canon,9293,BrandFinance,2012
Panasonic,9233,BrandFinance,2012
Time Warner Cable,9140,BrandFinance,2012
SAP,9042,BrandFinance,2012
Boeing,9022,BrandFinance,2012
eBay,8959,BrandFinance,2012
Lowe's,8882,BrandFinance,2012
Sumitomo (Conglomerate),8881,BrandFinance,2012
Apple,87304,BrandFinance,2013
Samsung Group,58771,BrandFinance,2013
Google,52132,BrandFinance,2013
Microsoft,45535,BrandFinance,2013
Walmart,42303,BrandFinance,2013
IBM,37721,BrandFinance,2013
GE,37161,BrandFinance,2013
Amazon,36788,BrandFinance,2013
Coca-Cola,34205,BrandFinance,2013
Verizon,30729,BrandFinance,2013
AT&T,30406,BrandFinance,2013
Shell,29752,BrandFinance,2013
Vodafone,27009,BrandFinance,2013
Wells Fargo,26044,BrandFinance,2013
Toyota,25979,BrandFinance,2013
NTT Group,25926,BrandFinance,2013
Volkswagen,23666,BrandFinance,2013
The Home Depot,23423,BrandFinance,2013
Chase,23408,BrandFinance,2013
China Mobile,23296,BrandFinance,2013
BMW,23236,BrandFinance,2013
HSBC,22865,BrandFinance,2013
Bank of America,22397,BrandFinance,2013
Citi,21677,BrandFinance,2013
McDonald's,21642,BrandFinance,2013
Intel,21138,BrandFinance,2013
Disney,20548,BrandFinance,2013
Mercedes-Benz,20298,BrandFinance,2013
Santander,20119,BrandFinance,2013
Hyundai Group,19906,BrandFinance,2013
ICBC,19820,BrandFinance,2013
Mitsubishi (Conglomerate),19723,BrandFinance,2013
Siemens,19647,BrandFinance,2013
Ford,19623,BrandFinance,2013
American Express,19004,BrandFinance,2013
Pepsi,18701,BrandFinance,2013
BNP Paribas,18573,BrandFinance,2013
ExxonMobil,16907,BrandFinance,2013
Tata Group,18169,BrandFinance,2013
Nestlé,18075,BrandFinance,2013
Tesco,17918,BrandFinance,2013
Nissan,17646,BrandFinance,2013
Chevron,17674,BrandFinance,2013
Target,17460,BrandFinance,2013
Mitsui Group,17358,BrandFinance,2013
China Construction Bank,16949,BrandFinance,2013
GDF Suez,16686,BrandFinance,2013
Hitachi Group,16588,BrandFinance,2013
UPS,16572,BrandFinance,2013
IKEA,16570,BrandFinance,2013
PwC,16375,BrandFinance,2013
Orange,16342,BrandFinance,2013
Honda,16114,BrandFinance,2013
HP,16113,BrandFinance,2013
Oracle,16047,BrandFinance,2013
Agricultural Bank of China,15967,BrandFinance,2013
Marlboro,15964,BrandFinance,2013
Cisco,15468,BrandFinance,2013
AXA,15031,BrandFinance,2013
Nike,14942,BrandFinance,2013
Toshiba,14715,BrandFinance,2013
Deutsche Bank,14572,BrandFinance,2013
Sberbank,14160,BrandFinance,2013
Bank of China,14145,BrandFinance,2013
JP Morgan,13775,BrandFinance,2013
Bradesco,13610,BrandFinance,2013
Sinopec,13518,BrandFinance,2013
Barclays,13436,BrandFinance,2013
Total,13311,BrandFinance,2013
 CVS Health,13136,BrandFinance,2013
PetroChina,12994,BrandFinance,2013
Deloitte,12812,BrandFinance,2013
ING (Group),12787,BrandFinance,2013
Comcast,12765,BrandFinance,2013
Allianz,12657,BrandFinance,2013
Sam's Club,12466,BrandFinance,2013
Itaú,12442,BrandFinance,2013
Walgreens,12330,BrandFinance,2013
T (Deutsche Telekom),21543,BrandFinance,2013
BP,11940,BrandFinance,2013
Olay,3955,BrandFinance,2013
MUFG,11596,BrandFinance,2013
3M,11472,BrandFinance,2013
Movistar,11135,BrandFinance,2013
KPMG,10986,BrandFinance,2013
eBay,10893,BrandFinance,2013
FedEx,10572,BrandFinance,2013
SAP,10511,BrandFinance,2013
TD,10401,BrandFinance,2013
RBC,10277,BrandFinance,2013
Generali,10183,BrandFinance,2013
EY,10052,BrandFinance,2013
China Telecom,9974,BrandFinance,2013
Banco do Brasil,9883,BrandFinance,2013
SoftBank,9869,BrandFinance,2013
Credit Suisse,9820,BrandFinance,2013
Lowe's,9612,BrandFinance,2013
Sony,9597,BrandFinance,2013
Panasonic,9589,BrandFinance,2013
Kellogg's,7068,BrandFinance,2013
Apple,104680,BrandFinance,2014
Samsung Group,78752,BrandFinance,2014
Google,68620,BrandFinance,2014
Microsoft,62783,BrandFinance,2014
Verizon,53466,BrandFinance,2014
GE,52533,BrandFinance,2014
AT&T,45410,BrandFinance,2014
Amazon,45147,BrandFinance,2014
Walmart,44779,BrandFinance,2014
IBM,41514,BrandFinance,2014
Toyota,34903,BrandFinance,2014
Coca-Cola,33722,BrandFinance,2014
China Mobile,31845,BrandFinance,2014
T (Deutsche Telekom),30607,BrandFinance,2014
Wells Fargo,30242,BrandFinance,2014
Vodafone,29612,BrandFinance,2014
BMW,28962,BrandFinance,2014
Shell,28575,BrandFinance,2014
Volkswagen,27062,BrandFinance,2014
HSBC,26870,BrandFinance,2014
Bank of America,26683,BrandFinance,2014
Mitsubishi (Conglomerate),26145,BrandFinance,2014
McDonald's,26047,BrandFinance,2014
Citi,24518,BrandFinance,2014
The Home Depot,24322,BrandFinance,2014
Mercedes-Benz,24172,BrandFinance,2014
Disney,23580,BrandFinance,2014
Chase,23157,BrandFinance,2014
Intel,22940,BrandFinance,2014
ICBC,22803,BrandFinance,2014
Honda,22152,BrandFinance,2014
Nissan,21194,BrandFinance,2014
American Express,21116,BrandFinance,2014
Tata Group,14781,BrandFinance,2014
Nike,20821,BrandFinance,2014
Cisco,20784,BrandFinance,2014
Oracle,20635,BrandFinance,2014
Allianz,20425,BrandFinance,2014
Siemens,20358,BrandFinance,2014
Nestlé,20273,BrandFinance,2014
Ford,20236,BrandFinance,2014
BNP Paribas,20206,BrandFinance,2014
Santander,20021,BrandFinance,2014
Orange,19851,BrandFinance,2014
Mitsui Group,19838,BrandFinance,2014
HP,19824,BrandFinance,2014
Pepsi,19442,BrandFinance,2014
UPS,19431,BrandFinance,2014
Chevron,19171,BrandFinance,2014
AXA,19115,BrandFinance,2014
China Construction Bank,18954,BrandFinance,2014
Hyundai Group,18831,BrandFinance,2014
IKEA,18471,BrandFinance,2014
 CVS Health,18283,BrandFinance,2014
Hitachi Group,16025,BrandFinance,2014
Target,18084,BrandFinance,2014
SoftBank,18008,BrandFinance,2014
Agricultural Bank of China,17783,BrandFinance,2014
Tesco,17659,BrandFinance,2014
MUFG,17561,BrandFinance,2014
Bank of China,16725,BrandFinance,2014
ExxonMobil,16706,BrandFinance,2014
PwC,16622,BrandFinance,2014
PetroChina,16526,BrandFinance,2014
GDF Suez,16399,BrandFinance,2014
China Unicom,15851,BrandFinance,2014
NTT Group,29021,BrandFinance,2014
Walgreens,15350,BrandFinance,2014
Comcast,15329,BrandFinance,2014
BT,15260,BrandFinance,2014
Airbus,14559,BrandFinance,2014
Total,14514,BrandFinance,2014
Barclays,14166,BrandFinance,2014
JP Morgan,14039,BrandFinance,2014
China Telecom,13886,BrandFinance,2014
Deloitte,13755,BrandFinance,2014
Toshiba,13709,BrandFinance,2014
ING (Group),13674,BrandFinance,2014
Sam's Club,13667,BrandFinance,2014
Deutsche Bank,13491,BrandFinance,2014
Marlboro,13476,BrandFinance,2014
FedEx,13467,BrandFinance,2014
eBay,13379,BrandFinance,2014
SAP,13360,BrandFinance,2014
FOX,13227,BrandFinance,2014
Generali,13163,BrandFinance,2014
ALDI,12917,BrandFinance,2014
Movistar,12877,BrandFinance,2014
BP,12682,BrandFinance,2014
LG,7188,BrandFinance,2014
Lowe's,12629,BrandFinance,2014
Sinopec,12356,BrandFinance,2014
Sony,12353,BrandFinance,2014
3M,12191,BrandFinance,2014
China Life Insurance,11875,BrandFinance,2014
H&M,11678,BrandFinance,2014
KPMG,11596,BrandFinance,2014
Porsche,3519,BrandFinance,2014
UnitedHealthcare,9881,BrandFinance,2014
DHL,11169,BrandFinance,2014
Apple,128303,BrandFinance,2015
Samsung Group,81716,BrandFinance,2015
Google,76683,BrandFinance,2015
Microsoft,67060,BrandFinance,2015
Verizon,59843,BrandFinance,2015
AT&T,58820,BrandFinance,2015
Amazon,56124,BrandFinance,2015
GE,48019,BrandFinance,2015
China Mobile,47916,BrandFinance,2015
Walmart,56705,BrandFinance,2015
Coca-Cola,35797,BrandFinance,2015
IBM,35428,BrandFinance,2015
Toyota,35017,BrandFinance,2015
Wells Fargo,34925,BrandFinance,2015
BMW,33079,BrandFinance,2015
T (Deutsche Telekom),31108,BrandFinance,2015
Volkswagen,31025,BrandFinance,2015
Shell,30716,BrandFinance,2015
Disney,30698,BrandFinance,2015
ICBC,27459,BrandFinance,2015
Mercedes-Benz,27328,BrandFinance,2015
Vodafone,27287,BrandFinance,2015
HSBC,27280,BrandFinance,2015
China Construction Bank,26417,BrandFinance,2015
Citi,26210,BrandFinance,2015
Bank of America,25713,BrandFinance,2015
Intel,25011,BrandFinance,2015
Chase,23392,BrandFinance,2015
The Home Depot,24471,BrandFinance,2015
Facebook,24180,BrandFinance,2015
Nike,24138,BrandFinance,2015
Cisco,16339,BrandFinance,2015
Oracle,22888,BrandFinance,2015
Agricultural Bank of China,22714,BrandFinance,2015
Mitsubishi (Conglomerate),22679,BrandFinance,2015
Honda,22424,BrandFinance,2015
McDonald's,52909,BrandFinance,2015
American Express,21567,BrandFinance,2015
Pepsi,21379,BrandFinance,2015
Nestlé,21225,BrandFinance,2015
Allianz,20937,BrandFinance,2015
Siemens,20508,BrandFinance,2015
Bank of China,20392,BrandFinance,2015
Ford,20315,BrandFinance,2015
 CVS Health,20267,BrandFinance,2015
Orange,19867,BrandFinance,2015
UPS,19537,BrandFinance,2015
AXA,19529,BrandFinance,2015
Hyundai Group,19357,BrandFinance,2015
Santander,18700,BrandFinance,2015
IKEA,18540,BrandFinance,2015
ExxonMobil,18242,BrandFinance,2015
Chevron,18163,BrandFinance,2015
Nissan,18085,BrandFinance,2015
HP,18068,BrandFinance,2015
Mitsui Group,17596,BrandFinance,2015
PetroChina,23317,BrandFinance,2015
Comcast,17514,BrandFinance,2015
PwC,17330,BrandFinance,2015
BT,16175,BrandFinance,2015
Walgreens,15345,BrandFinance,2015
Sinopec,21278,BrandFinance,2015
SoftBank,16039,BrandFinance,2015
Target,15381,BrandFinance,2015
Tata Group,15378,BrandFinance,2015
Total,15203,BrandFinance,2015
Boeing,15199,BrandFinance,2015
BNP Paribas,14939,BrandFinance,2015
BP,14743,BrandFinance,2015
NTT Group,27376,BrandFinance,2015
H&M,14715,BrandFinance,2015
Deloitte,14694,BrandFinance,2015
MUFG,14511,BrandFinance,2015
FOX,14503,BrandFinance,2015
Sam's Club,14453,BrandFinance,2015
GDF Suez,14331,BrandFinance,2015
ALDI,14301,BrandFinance,2015
Barclays,14206,BrandFinance,2015
eBay,9831,BrandFinance,2015
China Telecom,14064,BrandFinance,2015
China Unicom,13791,BrandFinance,2015
FedEx,13672,BrandFinance,2015
ING (Group),13415,BrandFinance,2015
Baidu,13284,BrandFinance,2015
Marlboro,28608,BrandFinance,2015
Generali,13002,BrandFinance,2015
Lowe's,12790,BrandFinance,2015
Airbus,12744,BrandFinance,2015
au,12677,BrandFinance,2015
NTT Docomo,12641,BrandFinance,2015
Hitachi Group,12612,BrandFinance,2015
L'Oréal,12480,BrandFinance,2015
RBC,12473,BrandFinance,2015
Bradesco,12385,BrandFinance,2015
KPMG,12332,BrandFinance,2015
Subway,11485,BrandFinance,2015
3M,12212,BrandFinance,2015
LG,7469,BrandFinance,2015
NBC International,12004,BrandFinance,2015
JP Morgan,11958,BrandFinance,2015
Apple,145918,BrandFinance,2016
Google,88173,BrandFinance,2016
Samsung Group,58619,BrandFinance,2016
Amazon,69642,BrandFinance,2016
Microsoft,67258,BrandFinance,2016
Verizon,63116,BrandFinance,2016
AT&T,59904,BrandFinance,2016
Walmart,53657,BrandFinance,2016
China Mobile,49810,BrandFinance,2016
Wells Fargo,44170,BrandFinance,2016
Toyota,43064,BrandFinance,2016
McDonald's,42937,BrandFinance,2016
GE,29211,BrandFinance,2016
ICBC,36334,BrandFinance,2016
China Construction Bank,35394,BrandFinance,2016
BMW,34968,BrandFinance,2016
Coca-Cola,34180,BrandFinance,2016
Facebook,34002,BrandFinance,2016
T (Deutsche Telekom),33194,BrandFinance,2016
Agricultural Bank of China,32261,BrandFinance,2016
Mercedes-Benz,32049,BrandFinance,2016
IBM,31786,BrandFinance,2016
NTT,18186,BrandFinance,2016
Disney,31231,BrandFinance,2016
Shell,31665,BrandFinance,2016
Chase,30603,BrandFinance,2016
Marlboro,29935,BrandFinance,2016
The Home Depot,28798,BrandFinance,2016
Nike,28041,BrandFinance,2016
Vodafone,27820,BrandFinance,2016
Bank of China,27735,BrandFinance,2016
Bank of America,26928,BrandFinance,2016
Citi,26031,BrandFinance,2016
Mitsubishi (Conglomerate),27775,BrandFinance,2016
HSBC,24172,BrandFinance,2016
Hyundai Group,23796,BrandFinance,2016
Nestlé,23395,BrandFinance,2016
Starbucks,23185,BrandFinance,2016
 CVS Health,22884,BrandFinance,2016
Intel,22845,BrandFinance,2016
Oracle,22136,BrandFinance,2016
PetroChina,20318,BrandFinance,2016
Allianz,16426,BrandFinance,2016
China State Construction,20214,BrandFinance,2016
Sinopec,20156,BrandFinance,2016
Ford,19771,BrandFinance,2016
Huawei,19743,BrandFinance,2016
UPS,19565,BrandFinance,2016
Honda,19332,BrandFinance,2016
HP,8090,BrandFinance,2016
ExxonMobil,19227,BrandFinance,2016
Cisco,19162,BrandFinance,2016
SoftBank,16371,BrandFinance,2016
Orange,19096,BrandFinance,2016
Siemens,19002,BrandFinance,2016
Pepsi,18947,BrandFinance,2016
Volkswagen,18923,BrandFinance,2016
PwC,18569,BrandFinance,2016
American Express,18483,BrandFinance,2016
BT,18442,BrandFinance,2016
AXA,8809,BrandFinance,2016
Alibaba,17968,BrandFinance,2016
Chevron,17822,BrandFinance,2016
Nissan,17785,BrandFinance,2016
Xfinity,24186,BrandFinance,2016
IKEA,17009,BrandFinance,2016
BP,16962,BrandFinance,2016
Baidu,16418,BrandFinance,2016
Barclays,16236,BrandFinance,2016
Mitsui Group,0,BrandFinance,2016
Deloitte,16160,BrandFinance,2016
NBC International,16103,BrandFinance,2016
Santander,17052,BrandFinance,2016
Bosch,15612,BrandFinance,2016
FOX,15541,BrandFinance,2016
BNP Paribas,15531,BrandFinance,2016
H&M,15510,BrandFinance,2016
Target,15331,BrandFinance,2016
Johnson's,15115,BrandFinance,2016
L'Oréal,9783,BrandFinance,2016
UnitedHealthcare,14934,BrandFinance,2016
China Life Insurance,10686,BrandFinance,2016
Total,14737,BrandFinance,2016
ALDI,8783,BrandFinance,2016
Walgreens,14315,BrandFinance,2016
au,12788,BrandFinance,2016
Boeing,13956,BrandFinance,2016
Hitachi Group,0,BrandFinance,2016
Tata Group,13688,BrandFinance,2016
China Telecom,13684,BrandFinance,2016
China Merchants Bank,13239,BrandFinance,2016
FedEx,13079,BrandFinance,2016
JP Morgan,12948,BrandFinance,2016
Lowe's,12717,BrandFinance,2016
Accenture,12687,BrandFinance,2016
Sumitomo (Conglomerate),12678,BrandFinance,2016
EY,12672,BrandFinance,2016
MUFG,12651,BrandFinance,2016
Tesco,12499,BrandFinance,2016
 Ping An,12671,BrandFinance,2016
Google,109470,BrandFinance,2017
Apple,107141,BrandFinance,2017
Amazon,106396,BrandFinance,2017
AT&T,87016,BrandFinance,2017
Microsoft,76265,BrandFinance,2017
Samsung Group,66218,BrandFinance,2017
Verizon,65875,BrandFinance,2017
Walmart,62211,BrandFinance,2017
Facebook,61998,BrandFinance,2017
ICBC,47832,BrandFinance,2017
China Mobile,46734,BrandFinance,2017
Toyota,46255,BrandFinance,2017
Wells Fargo,41618,BrandFinance,2017
China Construction Bank,41377,BrandFinance,2017
NTT Group,40542,BrandFinance,2017
BMW,39335,BrandFinance,2017
Shell,36783,BrandFinance,2017
T (Deutsche Telekom),36433,BrandFinance,2017
IBM,36112,BrandFinance,2017
Mercedes-Benz,35544,BrandFinance,2017
GE,35318,BrandFinance,2017
Alibaba,34859,BrandFinance,2017
Disney,34454,BrandFinance,2017
Chase,33737,BrandFinance,2017
Marlboro,32471,BrandFinance,2017
Coca-Cola,31885,BrandFinance,2017
Nike,31762,BrandFinance,2017
Bank of China,31250,BrandFinance,2017
Bank of America,30273,BrandFinance,2017
The Home Depot,30216,BrandFinance,2017
Sinopec,29555,BrandFinance,2017
PetroChina,29003,BrandFinance,2017
Agricultural Bank of China,28511,BrandFinance,2017
Citi,27674,BrandFinance,2017
Mitsubishi (Conglomerate),27653,BrandFinance,2017
Xfinity,26180,BrandFinance,2017
Oracle,25878,BrandFinance,2017
Starbucks,25615,BrandFinance,2017
Huawei,25230,BrandFinance,2017
Volkswagen,25014,BrandFinance,2017
Nissan,24768,BrandFinance,2017
IKEA,24119,BrandFinance,2017
Hyundai Group,23395,BrandFinance,2017
 CVS Health,23286,BrandFinance,2017
Siemens,23088,BrandFinance,2017
Ford,22432,BrandFinance,2017
Tencent,22287,BrandFinance,2017
Ping An (Conglomerate),22273,BrandFinance,2017
UPS,22128,BrandFinance,2017
Chevron,22058,BrandFinance,2017
Vodafone,21831,BrandFinance,2017
Orange,21526,BrandFinance,2017
Honda,21318,BrandFinance,2017
China State Construction,21050,BrandFinance,2017
ExxonMobil,20736,BrandFinance,2017
Cisco,20734,BrandFinance,2017
HSBC,20688,BrandFinance,2017
VISA,20660,BrandFinance,2017
SoftBank,20621,BrandFinance,2017
Intel,20369,BrandFinance,2017
McDonald's,20291,BrandFinance,2017
Nestlé,19416,BrandFinance,2017
H&M,19177,BrandFinance,2017
BP,18857,BrandFinance,2017
Total,18514,BrandFinance,2017
PwC,18510,BrandFinance,2017
Pepsi,18470,BrandFinance,2017
Dell,18186,BrandFinance,2017
Bosch,17991,BrandFinance,2017
China Telecom,17599,BrandFinance,2017
Accenture,17464,BrandFinance,2017
Sumitomo (Conglomerate),17144,BrandFinance,2017
FedEx,17092,BrandFinance,2017
Target,17016,BrandFinance,2017
au,16919,BrandFinance,2017
Johnson's,16829,BrandFinance,2017
Deloitte,16776,BrandFinance,2017
SK Group,16426,BrandFinance,2017
Boeing,16333,BrandFinance,2017
Walgreens,15969,BrandFinance,2017
Santander,15929,BrandFinance,2017
FOX,15814,BrandFinance,2017
Spectrum,15738,BrandFinance,2017
JP Morgan,15710,BrandFinance,2017
Allianz,15197,BrandFinance,2017
SAP,15158,BrandFinance,2017
American Express,15014,BrandFinance,2017
Hitachi Group,14852,BrandFinance,2017
Uber,14596,BrandFinance,2017
Zara,14399,BrandFinance,2017
China Merchants Bank,14269,BrandFinance,2017
Lowe's,13938,BrandFinance,2017
NBC,13736,BrandFinance,2017
BNP Paribas,13644,BrandFinance,2017
Costco,13455,BrandFinance,2017
UnitedHealthcare,13379,BrandFinance,2017
JD.com,13377,BrandFinance,2017
EY,13357,BrandFinance,2017
MUFG,13215,BrandFinance,2017
WeChat,13189,BrandFinance,2017
Amazon,150811,BrandFinance,2018
Apple,146311,BrandFinance,2018
Google,120911,BrandFinance,2018
Samsung Group,92289,BrandFinance,2018
Facebook,89684,BrandFinance,2018
AT&T,82422,BrandFinance,2018
Microsoft,81163,BrandFinance,2018
Verizon,62826,BrandFinance,2018
Walmart,61480,BrandFinance,2018
ICBC,59189,BrandFinance,2018
China Construction Bank,56789,BrandFinance,2018
Alibaba,54921,BrandFinance,2018
China Mobile,53226,BrandFinance,2018
Wells Fargo,44098,BrandFinance,2018
Mercedes-Benz,43930,BrandFinance,2018
Toyota,43701,BrandFinance,2018
BMW,41790,BrandFinance,2018
Bank of China,41750,BrandFinance,2018
State Grid,40944,BrandFinance,2018
NTT Group,40872,BrandFinance,2018
Tencent,40774,BrandFinance,2018
T (Deutsche Telekom),40152,BrandFinance,2018
Shell,39423,BrandFinance,2018
Chase,38842,BrandFinance,2018
Huawei,38046,BrandFinance,2018
Agricultural Bank of China,37321,BrandFinance,2018
The Home Depot,33748,BrandFinance,2018
Volkswagen,33670,BrandFinance,2018
Bank of America,33289,BrandFinance,2018
Ping An (Conglomerate),32609,BrandFinance,2018
Disney,32590,BrandFinance,2018
IBM,32478,BrandFinance,2018
Starbucks,32421,BrandFinance,2018
GE,32005,BrandFinance,2018
PetroChina,31177,BrandFinance,2018
Citi,30783,BrandFinance,2018
Marlboro,30513,BrandFinance,2018
Coca-Cola,30378,BrandFinance,2018
Oracle,29634,BrandFinance,2018
Nike,28030,BrandFinance,2018
Xfinity,26121,BrandFinance,2018
YouTube,25887,BrandFinance,2018
Mitsubishi (Conglomerate),25280,BrandFinance,2018
China State Construction,24981,BrandFinance,2018
McDonald's,24872,BrandFinance,2018
IKEA,24351,BrandFinance,2018
China Telecom,23979,BrandFinance,2018
Sinopec,23640,BrandFinance,2018
WeChat,22415,BrandFinance,2018
PwC,22287,BrandFinance,2018
Orange,22206,BrandFinance,2018
Honda,22132,BrandFinance,2018
Intel,22059,BrandFinance,2018
UPS,22003,BrandFinance,2018
Siemens,21956,BrandFinance,2018
Moutai,21243,BrandFinance,2018
Baidu,21046,BrandFinance,2018
Total,20971,BrandFinance,2018
Deloitte,20838,BrandFinance,2018
VISA,20651,BrandFinance,2018
 CVS Health,20603,BrandFinance,2018
Allianz,20229,BrandFinance,2018
Pepsi,20035,BrandFinance,2018
Boeing,19936,BrandFinance,2018
JD.com,19623,BrandFinance,2018
BP,19610,BrandFinance,2018
Cisco,19411,BrandFinance,2018
Nissan,19376,BrandFinance,2018
Nestlé,19370,BrandFinance,2018
Bosch,19341,BrandFinance,2018
Porsche,19055,BrandFinance,2018
H&M,18959,BrandFinance,2018
SoftBank,18928,BrandFinance,2018
Vodafone,18744,BrandFinance,2018
UnitedHealthcare,18614,BrandFinance,2018
HSBC,18305,BrandFinance,2018
FedEx,18170,BrandFinance,2018
Chevron,18148,BrandFinance,2018
Hyundai Group,17754,BrandFinance,2018
Johnson's,17663,BrandFinance,2018
JP Morgan,17651,BrandFinance,2018
Zara,17453,BrandFinance,2018
Ford,17294,BrandFinance,2018
EY,17130,BrandFinance,2018
SAP,17057,BrandFinance,2018
FOX,17007,BrandFinance,2018
Accenture,16805,BrandFinance,2018
LG Group,16796,BrandFinance,2018
China Merchants Bank,16673,BrandFinance,2018
Uber,16629,BrandFinance,2018
au,16626,BrandFinance,2018
Dell,16356,BrandFinance,2018
Evergrande Real Estate,16229,BrandFinance,2018
Santander,16200,BrandFinance,2018
Walgreens,15546,BrandFinance,2018
American Express,15103,BrandFinance,2018
Audi,14951,BrandFinance,2018
NBC,14862,BrandFinance,2018
Shanghai Pudong Development Bank,14772,BrandFinance,2018
Wuliangye,14635,BrandFinance,2018
